INSERT INTO API_USER(EMAIL, FIRSTNAME, LASTNAME, LOGIN, PASSWORD, ROLE)
VALUES ( 'jan.bananek@test.pl', 'Jan', 'Bananek', 'JBananek', 'okon', 'BASIC_USER');

INSERT INTO BASIC_USER(ID) VALUES ( 1 );

INSERT INTO API_USER(EMAIL, FIRSTNAME, LASTNAME, LOGIN, PASSWORD, ROLE)
VALUES ( 'tom.wisnia@test.pl', 'Tom', 'Wisnia', 'TWisnia', 'okon1', 'BASIC_USER' );

INSERT INTO BASIC_USER(ID) VALUES ( 2 );

INSERT INTO API_USER(EMAIL, FIRSTNAME, LASTNAME, LOGIN, PASSWORD, ROLE)
VALUES ( 'eryk.dudul@test.pl', 'Eryk', 'Dudul', 'EDudul', 'okon2', 'BASIC_USER');

INSERT INTO BASIC_USER(ID) VALUES ( 3 );

INSERT INTO API_USER(EMAIL, FIRSTNAME, LASTNAME, LOGIN, PASSWORD, ROLE)
VALUES ( 'ewa.jagoda@test.pl', 'Ewa', 'Jagoda', 'EJagoda', 'okon3', 'BASIC_USER');

INSERT INTO BASIC_USER(ID) VALUES ( 4 );

INSERT INTO GROUP_OWNER(USER_ID, ID) VALUES( 1, 1 );
INSERT INTO GROUP_OWNER(USER_ID, ID) VALUES( 2, 2 );

INSERT INTO GROUP_INFO( ID, NAME, DESCRIPTION) VALUES ( 1, 'wycieczkowanie', 'wycieczki bliższe i dalsze');
INSERT INTO GROUP_INFO( ID, NAME, DESCRIPTION) VALUES ( 2, 'spotkania', 'spotkania po pracy');

INSERT INTO API_GROUP(ID, GROUP_OWNER_ID, GROUP_INFO_ID) VALUES ( 1, 1, 1 );
INSERT INTO API_GROUP(ID, GROUP_OWNER_ID, GROUP_INFO_ID) VALUES ( 2, 2, 2 );

INSERT INTO CATEGORY(NAME, VISIBLE) VALUES ('Sport', true);

INSERT INTO LOCATION(ALTITUDE, APARTMENT_NUMBER, CITY,LATITUDE, POSTCODE, STREET, STREET_NUMBER)
VALUES (0.0, '5A', 'Warsaw', 0.0, '92-100', 'Al. Jerozolimskie', '142');

INSERT INTO EVENT_INFO(DESCRIPTION, IS_CONFIRMATION_REQUIRED, NAME, START_DATE, CATEGORY_ID, LOCATION_ID)
VALUES ('Testowy opis', false, 'Testowy event', {ts '2012-09-17 18:47:52.69'}, 1, 1);

INSERT INTO EVENT_INFO(DESCRIPTION, IS_CONFIRMATION_REQUIRED, NAME, START_DATE, CATEGORY_ID, LOCATION_ID)
VALUES ('Internal', false, 'Testowy Internal event', {ts '2012-09-17 18:47:52.69'}, 1, 1);

INSERT INTO EVENT_INFO(DESCRIPTION, IS_CONFIRMATION_REQUIRED, NAME, START_DATE, CATEGORY_ID, LOCATION_ID)
VALUES ('Cyclic', false, 'Testowy Cyclic event', {ts '2012-09-17 18:47:52.69'}, 1, 1);

INSERT INTO EVENT_INFO(DESCRIPTION, IS_CONFIRMATION_REQUIRED, NAME, START_DATE, CATEGORY_ID, LOCATION_ID)
VALUES ('Internal', false, 'Testowy External event', {ts '2012-09-17 18:47:52.69'}, 1, 1);

INSERT INTO EVENT_OWNER(USER_ID) VALUES ( 1 );
INSERT INTO EVENT_OWNER(USER_ID) VALUES ( 2 );

INSERT INTO EVENT(EVENT_TYPE, LIMITED_PLACES, EVENT_INFO_ID, EVENT_OWNER_ID)
VALUES ('EVENT', 0, 1, 1);

INSERT INTO EVENT(EVENT_TYPE, LIMITED_PLACES, EVENT_INFO_ID, EVENT_OWNER_ID)
VALUES ('INTERNAL_EVENT', 0, 2, 1);

INSERT INTO INTERNAL_EVENT(IS_PRIVATE, ID, GROUP_ID)
VALUES ( FALSE, 2, 1 );

INSERT INTO EVENT(EVENT_TYPE, LIMITED_PLACES, EVENT_INFO_ID, EVENT_OWNER_ID)
VALUES ('CYCLIC_EVENT', 0, 3, 2);

INSERT INTO INTERNAL_EVENT(IS_PRIVATE, ID, GROUP_ID)
VALUES ( FALSE, 3, 2 );

INSERT INTO CYCLIC_EVENT(FREQUENCY_IN_DAYS, NUMBER_OF_REPEATS, ID)
VALUES ( 2, 4, 3 );

INSERT INTO EVENT(EVENT_TYPE, LIMITED_PLACES, EVENT_INFO_ID, EVENT_OWNER_ID)
VALUES ('EXTERNAL_EVENT', 0, 4, 1);

INSERT INTO EXTERNAL_EVENT(ID) VALUES (4);

INSERT INTO HASHTAG(HASHTAG_VALUE, OCCURRENCES, VISIBLE)
VALUES ( 'Piłka', 4, true);

INSERT INTO HASHTAG(HASHTAG_VALUE, OCCURRENCES, VISIBLE)
VALUES ( 'Pizza', 2, true);

INSERT INTO EVENTS_HASHTAGS(EVENT_ID, HASHTAG_ID)
values ( 1, 1), (2, 1), (3, 1), (4, 1),
( 1, 2), (2, 2);

INSERT INTO EVENT_USERS_WITH_ACCESS(EVENT_ID, USERS_WITH_ACCESS_ID)
VALUES (1, 1), (1, 2), (1, 3), (1, 4);

INSERT INTO EVENT_ACCEPTED_STATUS_USERS(ACCEPTED_EVENTS_ID, ACCEPTED_STATUS_USERS_ID)
VALUES (1, 1), (1, 2);

INSERT INTO EVENT_PENDING_STATUS_USERS(EVENT_ID, PENDING_STATUS_USERS_ID)
VALUES (1, 2), (1, 3);

INSERT INTO EVENT_REJECTED_STATUS_USERS(EVENT_ID, REJECTED_STATUS_USERS_ID)
VALUES (1, 3), (1, 4);



